{
    "global-info": {
        "class_info": [
            {
                "dsdl_name": "small_vehicle",
                "original_name": "small-vehicle"
            },
            {
                "dsdl_name": "large_vehicle",
                "original_name": "large-vehicle"
            },
            {
                "dsdl_name": "ship",
                "original_name": "ship"
            },
            {
                "dsdl_name": "ground_track_field",
                "original_name": "ground-track-field"
            },
            {
                "dsdl_name": "soccer_ball_field",
                "original_name": "soccer-ball-field"
            },
            {
                "dsdl_name": "tennis_court",
                "original_name": "tennis-court"
            },
            {
                "dsdl_name": "harbor",
                "original_name": "harbor"
            },
            {
                "dsdl_name": "baseball_diamond",
                "original_name": "baseball-diamond"
            },
            {
                "dsdl_name": "plane",
                "original_name": "plane"
            },
            {
                "dsdl_name": "swimming_pool",
                "original_name": "swimming-pool"
            },
            {
                "dsdl_name": "roundabout",
                "original_name": "roundabout"
            },
            {
                "dsdl_name": "basketball_court",
                "original_name": "basketball-court"
            },
            {
                "dsdl_name": "storage_tank",
                "original_name": "storage-tank"
            },
            {
                "dsdl_name": "bridge",
                "original_name": "bridge"
            },
            {
                "dsdl_name": "helicopter",
                "original_name": "helicopter"
            }
        ]
    }
}